id,Title,Composer,Performer,Stream,Orig Sentiment,Sentiment
0,I'm a Believer,Neil Diamond,The Monkees,,happy,happy
1,ABC,"Berry Gordy, Jr. / Alphonso Mizell / Freddie Perren / Deke Richards",The Jackson 5,,happy,happy
2,Love Shack,Kate Pierson / Fred Schneider / Keith Strickland / Cindy Wilson,The B-52s,Spotify,happy,happy
3,Going to a Go-Go," Warren ""Pete"" Moore / Smokey Robinson / Robert Rogers / Marvin Tarplin",Smokey Robinson & the Miracles,,happy,happy
4,In the Mood ,Joe Garland / Andy Razaf,Glenn Miller,Spotify,happy,happy
5,Caldonia ,Fleecie Moore,Louis Jordan,,happy,happy
6,Walk Like an Egyptian ,Liam Sternberg,Bangles,,happy,happy
7,The Way You Do the Things You Do ,Smokey Robinson / Robert Rogers,The Temptations,,happy,happy
8,Spanish Flea ,Julius Wechter,Herb Alpert,,happy,happy
9,Do You Believe in Magic? ,John Sebastian,The Lovin' Spoonful,,happy,happy
10,The 59th Street Bridge Song (Feelin' Groovy) ,Paul Simon,Harpers Bizarre,,happy,happy
11,The Heart of Rock & Roll ,Johnny Colla / Huey Lewis,Huey Lewis & the News,,happy,happy
12,Let the Good Times Roll ,Fleecie Moore / Sam Theard,Louis Jordan,,happy,happy
13,You Baby ,Steve Barri / P.F. Sloan,The Turtles,,happy,happy
14,"Signed, Sealed, Delivered I'm Yours ",Lee Garrett / Lula Mae Hardaway / Stevie Wonder / Syreeta Wright,Stevie Wonder,Spotify,happy,happy
15,I Like It Like That ,Chris Kenner / Allen Toussaint,Chris Kenner,,happy,happy
16,Ride Your Pony ,Naomi Neville,Lee Dorsey,Spotify,happy,happy
17,I'm Ready ,Sylvester Bradford / Fats Domino / Al Lewis,Fats Domino,,happy,happy
18,Boogie Woogie Bugle Boy ,Hughie Prince / Don Raye,The Andrews Sisters / Vic Schoen / Vic Schoen & His Orchestra,,happy,happy
19,Tighten Up ,Archie Bell / Billy Buttier,Archie Bell & the Drells,,happy,happy
20,Tequila ,Chuck Rio,The Champs,,happy,happy
21,Don't You Just Know It ,"Huey ""Piano"" Smith / Johnny Vincent","Huey ""Piano"" Smith",,happy,happy
22,"Sugar, Sugar ",Jeff Barry / Andy Kim,The Archies,,happy,happy
23,The Rockafeller Skank ,John Barry / Fatboy Slim / Winford Terry,Fatboy Slim,,happy,happy
24,Happy Doing What We're Doing ,Bob Andrews / Nick Lowe,Brinsley Schwarz,,happy,happy
25,Da Doo Ron Ron ,Jeff Barry / Ellie Greenwich / Phil Spector,The Crystals,,happy,happy
26,Itchycoo Park ,Ronnie Lane / Steve Marriott,Small Faces,,happy,happy
27,I'm into Something Good ,Gerry Goffin / Carole King,Earl-Jean,,happy,happy
28,Happy Together,Garry Bonner / Alan Gordon,The Turtles,,happy,happy
29,The Fat Man ,Dave Bartholomew / Fats Domino,Fats Domino,,happy,happy
30,Mardi Gras in New Orleans,,Dave Bartholomew,Spotify,happy,happy
31,Holy Cow ,Allen Toussaint,Lee Dorsey,Spotify,happy,happy
32,Ain't That a Kick in the Head ,Sammy Cahn / James Van Heusen,Dean Martin,,happy,happy
33,Step It Fast,,Nathan Abshire,,happy,happy
34,The Monkey Time ,Curtis Mayfield,Major Lance,,happy,happy
35,Babalu ,Margarita Lecuona,Desi Arnaz,,happy,happy
36,"Fingertips, Pt. 2",Henry Cosby / Clarence Paul,Stevie Wonder,,happy,happy
37,"Jump, Jive, An' Wail ",Louis Prima,Louis Prima,Spotify,happy,happy
38,Leaning on a Lamp Post ,Noel Gay,George Formby,,happy,happy
39,Wake Me Up Before You Go-Go ,George Michael,Wham!,Spotify,happy,happy
40,Welcome Back ,John Sebastian,John Sebastian,Spotify,happy,happy
41,I'm So Excited ,Trevor Lawrence / Anita Pointer / June Pointer / Ruth Pointer,The Pointer Sisters,Spotify,happy,happy
42,Simon Says ,Elliot Chiprut,1910 Fruitgum Company,,happy,happy
43,In the Summertime ,Ray Dorset,Mungo Jerry,Spotify,happy,happy
44,Cissy Strut ,"Ziggy Modeliste / Art Neville / Arthur ""Red"" Neville / Leo Nocentelli / George Porter, Jr.",The Meters,,happy,happy
45,Hang on Sloopy ,Wes Farrell / Bert Russell,The McCoys,,happy,happy
46,Margaritaville ,Jimmy Buffett,Jimmy Buffett,,happy,happy
47,Surf City ,Jan Berry / Brian Wilson,Jan & Dean,,happy,happy
48,"Love, American Style ",Charles Fox,The Cowsills,,happy,happy
49,Nice Work If You Can Get It ,George Gershwin / Ira Gershwin,Fred Astaire,,happy,happy
50,Reason to Believe,,Rod Stewart,Spotify,joyous,happy
51,I Should Have Known Better,,The Beatles,,joyous,happy
52,Any Time at All,,The Beatles,,joyous,happy
53,Hips Don't Lie,,Shakira,,joyous,happy
54,Eight Days a Week,,The Beatles,,joyous,happy
55,Magical Mystery Tour,,The Beatles,,joyous,happy
56,Penny Lane,,The Beatles,,joyous,happy
57,All My Loving,,The Beatles,,joyous,happy
58,Things Ain't What They Used to Be,,Duke Ellington / Duke Ellington & His Orchestra,Spotify,joyous,happy
59,City of New Orleans,,Willie Nelson,,joyous,happy
60,America the Beautiful,,Frank Sinatra,,joyous,happy
61,I Only Have Eyes for You,,Frank Sinatra,,joyous,happy
62,Why Baby Why,,George Jones,,joyous,happy
63,The Rising,,Bruce Springsteen,Spotify,joyous,happy
64,I Can Hear Music,,The Beach Boys,,joyous,happy
65,Nice 'n' Easy,,Frank Sinatra,Spotify,joyous,happy
66,St. Thomas,,Sonny Rollins,,joyous,happy
67,"Baby, I Love You",,Aretha Franklin,Spotify,joyous,happy
68,Let It Be,,Aretha Franklin,Spotify,joyous,happy
69,Take the Money and Run,,Steve Miller / Steve Miller Band,Spotify,joyous,happy
70,Daddy Sang Bass,,Johnny Cash,,joyous,happy
71,Jeepers Creepers,,Tony Bennett,,joyous,happy
72,Brazil,,Frank Sinatra,Spotify,joyous,happy
73,On the Sunny Side of the Street,,Frank Sinatra,Spotify,joyous,happy
74,Almost Like Being in Love,,Frank Sinatra,Spotify,joyous,happy
75,I Say a Little Prayer,,Aretha Franklin,Spotify,joyous,happy
76,Since You've Been Gone (Sweet Sweet Baby),,Aretha Franklin,,joyous,happy
77,People Get Ready,,Aretha Franklin,Spotify,joyous,happy
78,One O'Clock Jump,,Duke Ellington,,joyous,happy
79,Rock 'N' Roll High School,,Ramones,,joyous,happy
80,It Might as Well Be Spring,,Frank Sinatra,Spotify,joyous,happy
81,I Got a Feelin' in My Body,,Elvis Presley,Spotify,joyous,happy
82,Let It Rain,,Eric Clapton,Spotify,joyous,happy
83,You'd Be So Nice to Come Home To,,Frank Sinatra,Spotify,joyous,happy
84,Conga,,Gloria Estefan,Spotify,joyous,happy
85,Pennies from Heaven,,Frank Sinatra,Spotify,joyous,happy
86,You Make Me Feel So Young,,Frank Sinatra,Spotify,joyous,happy
87,Firefly,,Tony Bennett,Spotify,joyous,happy
88,You Can't Hurry Love,,Phil Collins,Spotify,joyous,happy
89,Something Happened on the Way to Heaven,,Phil Collins,,joyous,happy
90,I Can't Believe That You're in Love with Me,,Frank Sinatra,Spotify,joyous,happy
91,When You're Smiling (The Whole World Smiles with You),,Frank Sinatra,Spotify,joyous,happy
92,The Song Is You,,Frank Sinatra,Spotify,joyous,happy
93,A Wonderful Christmas Time,,Paul McCartney,,joyous,happy
94,Mandolin Wind,,Rod Stewart,Spotify,joyous,happy
95,That's All Right,,Rod Stewart,Spotify,joyous,happy
96,Every Picture Tells a Story,,Rod Stewart,Spotify,joyous,happy
97,My Way of Giving,,Rod Stewart,Spotify,joyous,happy
98,Here Comes Santa Claus (Right Down Santa Claus Lane),,Elvis Presley,Spotify,joyous,happy
99,Without a Song,,Frank Sinatra,,joyous,happy
100,Don't Be Cruel,,Elvis Presley,Spotify,cheerful,happy
101,Stuck on You,,Elvis Presley,,cheerful,happy
102,The Birth of the Blues,,Frank Sinatra,,cheerful,happy
103,The Things We Did Last Summer,,Frank Sinatra,,cheerful,happy
104,Hot Dog,,Elvis Presley,,cheerful,happy
105,"Take the ""A"" Train",,Duke Ellington,Spotify,cheerful,happy
106,I Only Have Eyes for You,,Frank Sinatra,,cheerful,happy
107,Perdido,,Duke Ellington / Duke Ellington & His Orchestra,,cheerful,happy
108,Take the 'A' Train,,Duke Ellington / Duke Ellington & His Orchestra,,cheerful,happy
109,Nice 'n' Easy,,Frank Sinatra,Spotify,cheerful,happy
110,Tonight I'll Be Staying Here With You,,Bob Dylan,,cheerful,happy
111,Son of a Preacher Man,,Aretha Franklin,Spotify,cheerful,happy
112,Such a Night,,Elvis Presley,,cheerful,happy
113,Band on the Run,,Paul McCartney / Paul McCartney & Wings / Wings,,cheerful,happy
114,How Do You Think I Feel,,Elvis Presley,,cheerful,happy
115,When My Blue Moon Turns to Gold Again,,Elvis Presley,,cheerful,happy
116,(Let Me Be Your) Teddy Bear,,Elvis Presley,Spotify,cheerful,happy
117,South of the Border,,Frank Sinatra,Spotify,cheerful,happy
118,London by Night,,Frank Sinatra,Spotify,cheerful,happy
119,Let's Get Away from It All,,Frank Sinatra,Spotify,cheerful,happy
120,Almost Like Being in Love,,Frank Sinatra,Spotify,cheerful,happy
121,I Say a Little Prayer,,Aretha Franklin,Spotify,cheerful,happy
122,"Take the ""A"" Train",,Duke Ellington & His Orchestra,Spotify,cheerful,happy
123,She's Not You,,Elvis Presley,,cheerful,happy
124,Honeysuckle Rose,,Duke Ellington,,cheerful,happy
125,East of the Sun (And West of the Moon),,Frank Sinatra,,cheerful,happy
126,April in Paris,,Frank Sinatra / Frank Sinatra Sextet,,cheerful,happy
127,Too Marvelous for Words,,Frank Sinatra / Frank Sinatra Sextet,,cheerful,happy
128,Veronica,,Elvis Costello,Spotify,cheerful,happy
129,Come Rain or Come Shine,,Frank Sinatra,Spotify,cheerful,happy
130,If I Had You,,Frank Sinatra,Spotify,cheerful,happy
131,You'd Be So Nice to Come Home To,,Frank Sinatra,Spotify,cheerful,happy
132,Uptown Girl,,Billy Joel,Spotify,cheerful,happy
133,Tell Her About It,,Billy Joel,Spotify,cheerful,happy
134,Anything Goes,,Frank Sinatra,Spotify,cheerful,happy
135,Pennies from Heaven,,Frank Sinatra,Spotify,cheerful,happy
136,You Brought a New Kind of Love to Me,,Frank Sinatra,Spotify,cheerful,happy
137,You Make Me Feel So Young,,Frank Sinatra,Spotify,cheerful,happy
138,Sussudio,,Phil Collins,,cheerful,happy
139,You Can't Hurry Love,,Phil Collins,Spotify,cheerful,happy
140,Something Happened on the Way to Heaven,,Phil Collins,,cheerful,happy
141,You Do Something to Me,,Frank Sinatra,Spotify,cheerful,happy
142,I Concentrate on You,,Frank Sinatra,Spotify,cheerful,happy
143,My Blue Heaven,,Frank Sinatra,Spotify,cheerful,happy
144,It's Only a Paper Moon,,Frank Sinatra,Spotify,cheerful,happy
145,It All Depends on You,,Frank Sinatra,Spotify,cheerful,happy
146,S'posin',,Frank Sinatra,Spotify,cheerful,happy
147,When You're Smiling (The Whole World Smiles with You),,Frank Sinatra,Spotify,cheerful,happy
148,Cheek to Cheek,,Frank Sinatra,Spotify,cheerful,happy
149,Saturday Night (Is the Loneliest Night of the Week),,Frank Sinatra,Spotify,cheerful,happy
150,Blitzkrieg Bop ,Ramones,Ramones,Spotify,energetic,surprise
151,I Got You (I Feel Good) ,James Brown,James Brown,,energetic,surprise
152,Rocket 88 ,Jackie Brenston,Jackie Brenston,,energetic,surprise
153,Block Rockin' Beats ,Tom Rowlands / Edmund Simmons / Jesse Weaver,The Chemical Brothers,Spotify,energetic,surprise
154,Ballroom Blitz,Mike Chapman / Nicky Chinn,Sweet,Spotify,energetic,surprise
155,Sister Anne ,"Fred ""Sonic"" Smith",MC5,,energetic,surprise
156,Into the Groove ,Stephen Bray / Madonna,Madonna,,energetic,surprise
157,Long Tall Sally,"Robert ""Bumps"" Blackwell / Enotris Johnson / Richard Penniman",Little Richard,Spotify,energetic,surprise
158,C'mon Everybody ,Jerry Capehart / Eddie Cochran,Eddie Cochran,,energetic,surprise
159,I Gotcha ,Joe Tex,Joe Tex,,energetic,surprise
160,Nite Klub ,"John ""Brad"" Bradbury / Roddy Byers / Jerry Dammers / Lynval Golding / Terry Hall / Horace Panter / Neville Staple",The Specials,,energetic,surprise
161,I Fought the Law ,Sonny Curtis,The Bobby Fuller Four,Spotify,energetic,surprise
162,Up Around the Bend ,John Fogerty,Creedence Clearwater Revival,Spotify,energetic,surprise
163,Mickey ,Nicky Chinn,Toni Basil,,energetic,surprise
164,Antmusic ,Adam Ant / Marco Pirroni,Adam and the Ants / Adam Ant,,energetic,surprise
165,Waterloo ,Stig Anderson / Benny Andersson / Anni-Frid Lyngstad / Björn Ulvaeus,ABBA,,energetic,surprise
166,"Radio, Radio ",Elvis Costello,Elvis Costello & the Attractions,,energetic,surprise
167,Rock Lobster ,The B-52s / Fred Schneider / Ricky Wilson,The B-52s,,energetic,surprise
168,I Want You Back ,"Berry Gordy, Jr. / Alphonso Mizell / Freddie Perren / Deke Richards",The Jackson 5,,energetic,surprise
169,I'm So Bored with the U.S.A. ,Mick Jones / Joe Strummer,The Clash,,energetic,surprise
170,New Rose ,Brian James,The Damned,Spotify,energetic,surprise
171,Land of 1000 Dances ,Fats Domino / Chris Kenner,Wilson Pickett,,energetic,surprise
172,Whole Lotta Shakin' Goin' On ,Sunny David / Dave Williams,Jerry Lee Lewis,,energetic,surprise
173,Lucille ,Albert Collins / Little Richard,Little Richard,Spotify,energetic,surprise
174,No Particular Place to Go,Chuck Berry,Chuck Berry,,energetic,surprise
175,Ain't Misbehavin' ,Harry Brooks / Andy Razaf / Fats Waller,Fats Waller,,energetic,surprise
176,Opening: I Can't Turn You Loose ,Steve Cropper / Otis Redding / McElvoy Robinson,The Blues Brothers,,energetic,surprise
177,Pack Fair and Square ,Walter Travis Price,J. Geils Band,Spotify,energetic,surprise
178,It Won't Be Long ,John Lennon / Paul McCartney,The Beatles,,energetic,surprise
179,High School ,"Michael Davis / Wayne Kramer / Fred ""Sonic"" Smith / Dennis Thompson / Rob Tyner",MC5,Spotify,energetic,surprise
180,Hanging on the Telephone ,Jack Lee,Blondie,Spotify,energetic,surprise
181,Fell in Love with a Girl ,Jack White / Meg White,The White Stripes,Spotify,energetic,surprise
182,Janie Jones ,Mick Jones / Joe Strummer,The Clash,,energetic,surprise
183,Super Bad ,James Brown,James Brown,,energetic,surprise
184,Wanna Be Startin' Somethin' ,Michael Jackson,Michael Jackson,Spotify,energetic,surprise
185,What Do I Get? ,Pete Shelley,Buzzcocks,Spotify,energetic,surprise
186,Pop Scene ,Damon Albarn / Graham Coxon / Alex James / Dave Rowntree,Blur,,energetic,surprise
187,"Fight the Power, Pt. 1",Ernie Isley / Marvin Isley / O'Kelly Isley / Ronald Isley / Rudolph Isley / Chris Jasper,The Isley Brothers,Spotify,energetic,surprise
188,Reelin' and Rockin' ,Chuck Berry,Chuck Berry,,energetic,surprise
189,Rockaway Beach ,Ramones,Ramones,Spotify,energetic,surprise
190,The Rockafeller Skank ,John Barry / Fatboy Slim / Winford Terry,Fatboy Slim,,energetic,surprise
191,Get Up (I Feel Like Being A) Sex Machine ,James Brown / Bobby Byrd / Ron Lenhoff,James Brown,,energetic,surprise
192,Breathless ,Otis Blackwell,Jerry Lee Lewis,,energetic,surprise
193,You Ain't Seen Nothing Yet ,Randy Bachman,Bachman-Turner Overdrive,Spotify,energetic,surprise
194,Blue Suede Shoes ,Carl Perkins,Carl Perkins,,energetic,surprise
195,"(Shake, Shake, Shake) Shake Your Booty ","Harry Wayne ""K.C."" Casey / Richard Finch",KC & the Sunshine Band,,energetic,surprise
196,Stone Free,,Jimi Hendrix,,energetic,surprise
197,Somebody to Love,,Justin Bieber,Spotify,energetic,surprise
198,Bad Romance,,Lady Gaga,Spotify,energetic,surprise
199,Tombstone Blues,,Bob Dylan,,energetic,surprise
200,Memories,,David Guetta,,celebratory,surprise
201,When Love Takes Over,,David Guetta,,celebratory,surprise
202,Livin' La Vida Loca,,Ricky Martin,,celebratory,surprise
203,U + Ur Hand,,P!nk,Spotify,celebratory,surprise
204,Run It!,,Chris Brown,,celebratory,surprise
205,Party,,Elvis Presley,,celebratory,surprise
206,Hot Dog,,Elvis Presley,,celebratory,surprise
207,Rock Steady,,Aretha Franklin,Spotify,celebratory,surprise
208,Love Comes Again,,BT / TiÃ«sto,,celebratory,surprise
209,(Marie's the Name) His Latest Flame,,Elvis Presley,,celebratory,surprise
210,Diminuendo and Crescendo in Blue,,Duke Ellington,,celebratory,surprise
211,Soak Up the Sun,,Sheryl Crow,,celebratory,surprise
212,A Change Would Do You Good,,Sheryl Crow,,celebratory,surprise
213,Steve McQueen,,Sheryl Crow,,celebratory,surprise
214,Boys Keep Swinging,,David Bowie,Spotify,celebratory,surprise
215,Silvio,,Bob Dylan,,celebratory,surprise
216,There Goes the Neighborhood,,Sheryl Crow,Spotify,celebratory,surprise
217,Family Affair,,Mary J. Blige,Spotify,celebratory,surprise
218,"Baby, I Love You",,Aretha Franklin,Spotify,celebratory,surprise
219,Shake,,Rod Stewart,,celebratory,surprise
220,Hot and Bothered,,Duke Ellington,,celebratory,surprise
221,(You're So Square) Baby I Don't Care,,Elvis Presley,Spotify,celebratory,surprise
222,There You Go,,P!nk,Spotify,celebratory,surprise
223,Steamroller Blues,,Elvis Presley,Spotify,celebratory,surprise
224,Ready Teddy,,Elvis Presley,,celebratory,surprise
225,Paralyzed,,Elvis Presley,,celebratory,surprise
226,Long Tall Sally,,Elvis Presley,,celebratory,surprise
227,Rip It Up,,Elvis Presley,,celebratory,surprise
228,On the Sunny Side of the Street,,Frank Sinatra,Spotify,celebratory,surprise
229,Almost Like Being in Love,,Frank Sinatra,Spotify,celebratory,surprise
230,Chicago,,Frank Sinatra / Frank Sinatra Sextet,,celebratory,surprise
231,Conga,,Gloria Estefan,Spotify,celebratory,surprise
232,Freeway of Love,,Aretha Franklin,Spotify,celebratory,surprise
233,Message to Love,,Jimi Hendrix,,celebratory,surprise
234,Got a Lot O' Livin' to Do!,,Elvis Presley,,celebratory,surprise
235,Let's Dance,,David Bowie,Spotify,celebratory,surprise
236,That Old Black Magic,,Frank Sinatra,Spotify,celebratory,surprise
237,Promised Land,,Elvis Presley,Spotify,celebratory,surprise
238,Rockin' in Rhythm,,Duke Ellington,,celebratory,surprise
239,Can't Get There from Here,,R.E.M.,,celebratory,surprise
240,Baby I Love You,,Aretha Franklin,Spotify,celebratory,surprise
241,"When It Rains, It Really Pours",,Elvis Presley,Spotify,celebratory,surprise
242,Rubberneckin',,Elvis Presley,,celebratory,surprise
243,A Little Less Conversation,,Elvis Presley,,celebratory,surprise
244,Paying the Cost to Be the Boss,,B.B. King,,celebratory,surprise
245,Glory Days,,Bruce Springsteen,,celebratory,surprise
246,No More Tears (Enough Is Enough),,Barbra Streisand / Donna Summer,,celebratory,surprise
247,Just Dance,,Lady Gaga,Spotify,celebratory,surprise
248,"Theme From New York, New York",,Frank Sinatra,,celebratory,surprise
249,Too Much,,Elvis Presley,Spotify,celebratory,surprise
250,Don't Be Cruel,,Elvis Presley,Spotify,fun,surprise
251,Stuck on You,,Elvis Presley,,fun,surprise
252,Highway 61 Revisited,,Bob Dylan,,fun,surprise
253,"Baby, Let's Play House",,Elvis Presley,,fun,surprise
254,The Birth of the Blues,,Frank Sinatra,,fun,surprise
255,Hot Dog,,Elvis Presley,,fun,surprise
256,(Marie's the Name) His Latest Flame,,Elvis Presley,,fun,surprise
257,Subterranean Homesick Blues,,Bob Dylan,Spotify,fun,surprise
258,Boys Keep Swinging,,David Bowie,Spotify,fun,surprise
259,Shake,,Rod Stewart,,fun,surprise
260,Such a Night,,Elvis Presley,,fun,surprise
261,Band on the Run,,Paul McCartney / Paul McCartney & Wings / Wings,,fun,surprise
262,(You're So Square) Baby I Don't Care,,Elvis Presley,Spotify,fun,surprise
263,Trying to Get to You,,Elvis Presley,,fun,surprise
264,Steamroller Blues,,Elvis Presley,Spotify,fun,surprise
265,Ready Teddy,,Elvis Presley,,fun,surprise
266,Paralyzed,,Elvis Presley,,fun,surprise
267,Long Tall Sally,,Elvis Presley,,fun,surprise
268,When My Blue Moon Turns to Gold Again,,Elvis Presley,,fun,surprise
269,Rip It Up,,Elvis Presley,,fun,surprise
270,(Let Me Be Your) Teddy Bear,,Elvis Presley,Spotify,fun,surprise
271,Let's Get Away from It All,,Frank Sinatra,Spotify,fun,surprise
272,On the Sunny Side of the Street,,Frank Sinatra,Spotify,fun,surprise
273,Almost Like Being in Love,,Frank Sinatra,Spotify,fun,surprise
274,Imagination,,Frank Sinatra,Spotify,fun,surprise
275,It's Still Rock and Roll to Me,,Billy Joel,Spotify,fun,surprise
276,I Won't Dance,,Frank Sinatra,Spotify,fun,surprise
277,Uptown Girl,,Billy Joel,Spotify,fun,surprise
278,Tell Her About It,,Billy Joel,Spotify,fun,surprise
279,Sussudio,,Phil Collins,,fun,surprise
280,You Can't Hurry Love,,Phil Collins,Spotify,fun,surprise
281,Something Happened on the Way to Heaven,,Phil Collins,,fun,surprise
282,You Do Something to Me,,Frank Sinatra,Spotify,fun,surprise
283,My Blue Heaven,,Frank Sinatra,Spotify,fun,surprise
284,Cheek to Cheek,,Frank Sinatra,Spotify,fun,surprise
285,Come Dance With Me,,Frank Sinatra,Spotify,fun,surprise
286,Got a Lot O' Livin' to Do!,,Elvis Presley,,fun,surprise
287,Good Hearted Woman,,Waylon Jennings / Willie Nelson,Spotify,fun,surprise
288,Santa Claus Is Back in Town,,Elvis Presley,Spotify,fun,surprise
289,Hound Dog,,Elvis Presley,,fun,surprise
290,Polk Salad Annie,,Elvis Presley,,fun,surprise
291,Promised Land,,Elvis Presley,Spotify,fun,surprise
292,We're Gonna Move,,Elvis Presley,Spotify,fun,surprise
293,Baby Let's Play House,,Elvis Presley,Spotify,fun,surprise
294,Blue Moon of Kentucky,,Elvis Presley,Spotify,fun,surprise
295,Heartbreak Hotel,,Willie Nelson / Leon Russell,,fun,surprise
296,Rubberneckin',,Elvis Presley,,fun,surprise
297,A Little Less Conversation,,Elvis Presley,,fun,surprise
298,Just One of Those Things,,Frank Sinatra,Spotify,fun,surprise
299,Glory Days,,Bruce Springsteen,,fun,surprise
300,In a Silent Way,,Miles Davis,,calm-peaceful,fear
301,I Have Dreamed,,Frank Sinatra,Spotify,calm-peaceful,fear
302,Birds,,Neil Young,,calm-peaceful,fear
303,Ol' Man River,,Frank Sinatra,Spotify,calm-peaceful,fear
304,The Old Laughing Lady,,Neil Young,,calm-peaceful,fear
305,Let It Be,,The Beatles,Spotify,calm-peaceful,fear
306,The Long and Winding Road,,The Beatles,,calm-peaceful,fear
307,How Deep Is the Ocean,,Frank Sinatra,,calm-peaceful,fear
308,Harvest Moon,,Neil Young,,calm-peaceful,fear
309,The Things We Did Last Summer,,Frank Sinatra,,calm-peaceful,fear
310,I've Grown Accustomed to Her Face,,Tony Bennett,,calm-peaceful,fear
311,Stella by Starlight,,Frank Sinatra,,calm-peaceful,fear
312,All of Me,,Willie Nelson,Spotify,calm-peaceful,fear
313,Blue Skies,,Willie Nelson,Spotify,calm-peaceful,fear
314,It Never Entered My Mind,,Frank Sinatra,Spotify,calm-peaceful,fear
315,Mam'selle,,Frank Sinatra,Spotify,calm-peaceful,fear
316,Someone to Watch Over Me,,Frank Sinatra,,calm-peaceful,fear
317,It Is No Secret (What God Can Do),,Elvis Presley,Spotify,calm-peaceful,fear
318,Fran-Dance,,Miles Davis,,calm-peaceful,fear
319,Tell Me Why,,Neil Young,,calm-peaceful,fear
320,Don't Worry Baby,,The Beach Boys,,calm-peaceful,fear
321,Every Time I Close My Eyes,,Babyface,Spotify,calm-peaceful,fear
322,I Fall in Love Too Easily,,Frank Sinatra,,calm-peaceful,fear
323,Something He Can Feel,,Aretha Franklin,Spotify,calm-peaceful,fear
324,"Red, Red Wine",,Neil Diamond,,calm-peaceful,fear
325,That's When Your Heartaches Begin,,Elvis Presley,Spotify,calm-peaceful,fear
326,Bridge over Troubled Water,,Aretha Franklin,,calm-peaceful,fear
327,London by Night,,Frank Sinatra,Spotify,calm-peaceful,fear
328,It's About That Time,,Miles Davis,,calm-peaceful,fear
329,Day by Day,,Frank Sinatra,Spotify,calm-peaceful,fear
330,Moonlight in Vermont,,Frank Sinatra / Frank Sinatra Sextet,,calm-peaceful,fear
331,It Might as Well Be Spring,,Frank Sinatra,Spotify,calm-peaceful,fear
332,Come Rain or Come Shine,,Frank Sinatra,Spotify,calm-peaceful,fear
333,Nature Boy,,Miles Davis,,calm-peaceful,fear
334,Just the Way You Are,,Billy Joel,,calm-peaceful,fear
335,Do You Remember?,,Phil Collins,Spotify,calm-peaceful,fear
336,This Love of Mine,,Frank Sinatra,Spotify,calm-peaceful,fear
337,Dancing on the Ceiling,,Frank Sinatra,Spotify,calm-peaceful,fear
338,When Your Lover Has Gone,,Frank Sinatra,Spotify,calm-peaceful,fear
339,I Get Along Without You Very Well,,Frank Sinatra,Spotify,calm-peaceful,fear
340,Mood Indigo,,Frank Sinatra,Spotify,calm-peaceful,fear
341,Three Coins in the Fountain,,Frank Sinatra,Spotify,calm-peaceful,fear
342,All My Tomorrows,,Frank Sinatra,Spotify,calm-peaceful,fear
343,As Time Goes By,,Frank Sinatra,Spotify,calm-peaceful,fear
344,September Song,,Frank Sinatra,Spotify,calm-peaceful,fear
345,Here's That Rainy Day,,Frank Sinatra,Spotify,calm-peaceful,fear
346,Blue Eyes,,Elton John,Spotify,calm-peaceful,fear
347,December Day,,Willie Nelson,Spotify,calm-peaceful,fear
348,Summertime,,Miles Davis,Spotify,calm-peaceful,fear
349,Little Martha,,The Allman Brothers Band,,calm-peaceful,fear
350,Let 'Em In,,Paul McCartney / Paul McCartney & Wings / Wings,,soft-quiet,fear
351,My Love,,Paul McCartney / Paul McCartney & Wings / Wings,,soft-quiet,fear
352,Tell Me Why,,Elvis Presley,,soft-quiet,fear
353,Ol' Man River,,Frank Sinatra,Spotify,soft-quiet,fear
354,Let It Be Me,,Willie Nelson,Spotify,soft-quiet,fear
355,Beside You,,Van Morrison,,soft-quiet,fear
356,With You,,Chris Brown,Spotify,soft-quiet,fear
357,Only Mama Knows,,Paul McCartney,Spotify,soft-quiet,fear
358,Outdoor Miner,,Wire,Spotify,soft-quiet,fear
359,Helpless,,Neil Young,,soft-quiet,fear
360,A Woman's Worth,,Alicia Keys,,soft-quiet,fear
361,Everything,,Mary J. Blige,Spotify,soft-quiet,fear
362,Day Dreaming,,Aretha Franklin,Spotify,soft-quiet,fear
363,It Never Entered My Mind,,Frank Sinatra,Spotify,soft-quiet,fear
364,Mam'selle,,Frank Sinatra,Spotify,soft-quiet,fear
365,It Is No Secret (What God Can Do),,Elvis Presley,Spotify,soft-quiet,fear
366,Don't Cry Daddy,,Elvis Presley,,soft-quiet,fear
367,Gotta Serve Somebody,,Bob Dylan,Spotify,soft-quiet,fear
368,Simple Twist of Fate,,Bob Dylan,Spotify,soft-quiet,fear
369,Pretty Paper,,Willie Nelson,Spotify,soft-quiet,fear
370,Sophisticated Lady,,Duke Ellington / Duke Ellington & His Orchestra,,soft-quiet,fear
371,Mood Indigo,,Duke Ellington / Duke Ellington & His Orchestra,,soft-quiet,fear
372,Honesty,,Billy Joel,,soft-quiet,fear
373,Something He Can Feel,,Aretha Franklin,Spotify,soft-quiet,fear
374,Bluebird,,Paul McCartney / Paul McCartney & Wings / Wings,,soft-quiet,fear
375,Morningside,,Neil Diamond,,soft-quiet,fear
376,Stones,,Neil Diamond,Spotify,soft-quiet,fear
377,That's When Your Heartaches Begin,,Elvis Presley,Spotify,soft-quiet,fear
378,From a Distance,,Bette Midler,Spotify,soft-quiet,fear
379,You're in My Heart (The Final Acclaim),,Rod Stewart,,soft-quiet,fear
380,Welcome to My World,,Elvis Presley,Spotify,soft-quiet,fear
381,Hawaiian Wedding Song,,Elvis Presley,Spotify,soft-quiet,fear
382,London by Night,,Frank Sinatra,Spotify,soft-quiet,fear
383,Angel,,Aretha Franklin,,soft-quiet,fear
384,One for My Baby (And One More for the Road),,Frank Sinatra / Frank Sinatra Sextet,,soft-quiet,fear
385,Moonlight in Vermont,,Frank Sinatra / Frank Sinatra Sextet,,soft-quiet,fear
386,Come Rain or Come Shine,,Frank Sinatra,Spotify,soft-quiet,fear
387,Mood Indigo,,Duke Ellington / Duke Ellington & His Orchestra,,soft-quiet,fear
388,Shelter from the Storm,,Bob Dylan,,soft-quiet,fear
389,She's Got a Way,,Billy Joel,Spotify,soft-quiet,fear
390,A Groovy Kind of Love,,Phil Collins,,soft-quiet,fear
391,Against All Odds (Take a Look at Me Now),,Phil Collins,,soft-quiet,fear
392,Indifference,,Pearl Jam,,soft-quiet,fear
393,I'll Be Your Baby Tonight,,Bob Dylan,Spotify,soft-quiet,fear
394,Down Along the Cove,,Bob Dylan,Spotify,soft-quiet,fear
395,This Love of Mine,,Frank Sinatra,Spotify,soft-quiet,fear
396,Dancing on the Ceiling,,Frank Sinatra,Spotify,soft-quiet,fear
397,What Is This Thing Called Love?,,Frank Sinatra,Spotify,soft-quiet,fear
398,When Your Lover Has Gone,,Frank Sinatra,Spotify,soft-quiet,fear
399,I Get Along Without You Very Well,,Frank Sinatra,Spotify,soft-quiet,fear
400,Let It Snow! Let It Snow! Let It Snow!,,Frank Sinatra,,relaxed,fear
401,Boplicity,,Miles Davis,Spotify,relaxed,fear
402,Don't Be Cruel,,Elvis Presley,Spotify,relaxed,fear
403,Stuck on You,,Elvis Presley,,relaxed,fear
404,"It Takes a Lot to Laugh, It Takes a Train to Cry",,Bob Dylan,,relaxed,fear
405,(Love Is) The Tender Trap,,Frank Sinatra,,relaxed,fear
406,Help Me Make It Through the Night,,Willie Nelson,Spotify,relaxed,fear
407,The Things We Did Last Summer,,Frank Sinatra,,relaxed,fear
408,All of Me,,Willie Nelson,Spotify,relaxed,fear
409,Blue Skies,,Willie Nelson,Spotify,relaxed,fear
410,It Never Entered My Mind,,Frank Sinatra,Spotify,relaxed,fear
411,Mam'selle,,Frank Sinatra,Spotify,relaxed,fear
412,Someday My Prince Will Come,,Miles Davis,,relaxed,fear
413,I Only Have Eyes for You,,Frank Sinatra,,relaxed,fear
414,Pretty Paper,,Willie Nelson,Spotify,relaxed,fear
415,So What,,Miles Davis,,relaxed,fear
416,Forever Young,,Bob Dylan,,relaxed,fear
417,Just Like Tom Thumb's Blues,,Bob Dylan,,relaxed,fear
418,Nice 'n' Easy,,Frank Sinatra,Spotify,relaxed,fear
419,Desolation Row,,Bob Dylan,,relaxed,fear
420,I Fall in Love Too Easily,,Frank Sinatra,,relaxed,fear
421,My Way,,Elvis Presley,Spotify,relaxed,fear
422,Steamroller Blues,,Elvis Presley,Spotify,relaxed,fear
423,Hawaiian Wedding Song,,Elvis Presley,Spotify,relaxed,fear
424,The Christmas Waltz,,Frank Sinatra,,relaxed,fear
425,London by Night,,Frank Sinatra,Spotify,relaxed,fear
426,Day by Day,,Frank Sinatra,Spotify,relaxed,fear
427,Chicago,,Frank Sinatra / Frank Sinatra Sextet,,relaxed,fear
428,Too Marvelous for Words,,Frank Sinatra / Frank Sinatra Sextet,,relaxed,fear
429,Moonlight in Vermont,,Frank Sinatra / Frank Sinatra Sextet,,relaxed,fear
430,Come Rain or Come Shine,,Frank Sinatra,Spotify,relaxed,fear
431,Stardust,,Frank Sinatra,Spotify,relaxed,fear
432,She's Got a Way,,Billy Joel,Spotify,relaxed,fear
433,Just the Way You Are,,Billy Joel,,relaxed,fear
434,Anything Goes,,Frank Sinatra,Spotify,relaxed,fear
435,Pennies from Heaven,,Frank Sinatra,Spotify,relaxed,fear
436,Old Devil Moon,,Frank Sinatra,Spotify,relaxed,fear
437,You Brought a New Kind of Love to Me,,Frank Sinatra,Spotify,relaxed,fear
438,You Make Me Feel So Young,,Frank Sinatra,Spotify,relaxed,fear
439,A Groovy Kind of Love,,Phil Collins,,relaxed,fear
440,I'll Be Your Baby Tonight,,Bob Dylan,Spotify,relaxed,fear
441,When Your Lover Has Gone,,Frank Sinatra,Spotify,relaxed,fear
442,I Get Along Without You Very Well,,Frank Sinatra,Spotify,relaxed,fear
443,Three Coins in the Fountain,,Frank Sinatra,Spotify,relaxed,fear
444,All My Tomorrows,,Frank Sinatra,Spotify,relaxed,fear
445,The Lady Is a Tramp,,Frank Sinatra,,relaxed,fear
446,As Time Goes By,,Frank Sinatra,Spotify,relaxed,fear
447,If Not for You,,Bob Dylan,Spotify,relaxed,fear
448,Jokerman,,Bob Dylan,,relaxed,fear
449,December Day,,Willie Nelson,Spotify,relaxed,fear
450,Pink Moon ,Nick Drake,Nick Drake,Spotify,sad,sad
451,Superstar ,Bonnie Bramlett / Leon Russell,Carpenters,Spotify,sad,sad
452,It's Over ,Bill Dees / Roy Orbison,Roy Orbison,,sad,sad
453,Pictures of You ,Simon Gallup / Roger O'Donnell / Robert Smith / Porl Thompson / Laurence Tolhurst / Lol Tolhurst / Boris Williams,The Cure,Spotify,sad,sad
454,$1000 Wedding ,Gram Parsons,Gram Parsons,,sad,sad
455,She's Got You ,Hank Cochran,Patsy Cline,,sad,sad
456,I'm So Lonesome I Could Cry ,Hank Williams,Hank Williams,,sad,sad
457,Wise Up ,Aimee Mann,Aimee Mann,,sad,sad
458,Love Will Tear Us Apart ,Bernard Albrecht / Ian Curtis / Peter Hook / Stephen Morris,Joy Division,Spotify,sad,sad
459,"Please, Please, Please, Let Me Get What I Want ",Johnny Marr / Morrissey,The Smiths,,sad,sad
460,Blue Bayou,Joe Melson / Roy Orbison,Roy Orbison,,sad,sad
461,Time in a Bottle ,Jim Croce,Jim Croce,Spotify,sad,sad
462,I Am the Cosmos ,Chris Bell,Chris Bell,Spotify,sad,sad
463,He Stopped Loving Her Today ,Bobby Braddock / Curly Putman,George Jones,,sad,sad
464,California Dreamin' ,John Phillips / Michelle Phillips,The Mamas & the Papas,Spotify,sad,sad
465,Me and My Charms ,Kristin Hersh,Kristin Hersh,Spotify,sad,sad
466,Ruby's Arms ,Tom Waits,Tom Waits,Spotify,sad,sad
467,Suzanne ,Leonard Cohen,Leonard Cohen,Spotify,sad,sad
468,I Know It's Over ,Johnny Marr / Morrissey,The Smiths,,sad,sad
469,Last Night I Dreamt That Somebody Loved Me ,Johnny Marr / Morrissey,The Smiths,,sad,sad
470,I've Been a Mess ,Mark Eitzel,American Music Club,Spotify,sad,sad
471,Rise ,Mark Eitzel,American Music Club,,sad,sad
472,Yesterday Once More ,John Bettis / Richard Carpenter,Carpenters,Spotify,sad,sad
473,In Dreams ,Roy Orbison,Roy Orbison,Spotify,sad,sad
474,Only the Lonely ,Joe Melson / Roy Orbison,Roy Orbison,,sad,sad
475,I Never Go Around Mirrors (I've Got a Heartache to Hide) ,Lefty Frizzell / Darlene Shafer / Sanger D. Shafer,Lefty Frizzell,,sad,sad
476,You Win Again ,Hank Williams,Hank Williams,,sad,sad
477,Pain in My Heart ,Naomi Neville,Otis Redding,Spotify,sad,sad
478,"Monday, Monday ",John Phillips,The Mamas & the Papas,,sad,sad
479,The Kids,,Lou Reed,Spotify,sad,sad
480,No Reply,,The Beatles,,sad,sad
481,I'm a Loser,,The Beatles,,sad,sad
482,Girl,,The Beatles,,sad,sad
483,Eleanor Rigby,,The Beatles,,sad,sad
484,You've Got to Hide Your Love Away,,The Beatles,,sad,sad
485,February Song,,Josh Groban,,sad,sad
486,John Brown,,Bob Dylan,,sad,sad
487,The Lonesome Death of Hattie Carroll,,Bob Dylan,,sad,sad
488,"The Downeaster ""Alexa""",,Billy Joel,,sad,sad
489,He Stopped Loving Her Today,,George Jones,Spotify,sad,sad
490,While the Music Plays On,,Tony Bennett,Spotify,sad,sad
491,Long Nights,,B.B. King,,sad,sad
492,Ain't No Way,,Aretha Franklin,Spotify,sad,sad
493,Open Pit Mine,,George Jones,,sad,sad
494,She Thinks I Still Care,,George Jones,,sad,sad
495,If It Makes You Happy,,Sheryl Crow,,sad,sad
496,Strong Enough,,Sheryl Crow,,sad,sad
497,My Favorite Mistake,,Sheryl Crow,,sad,sad
498,Tender Years,,George Jones,,sad,sad
499,Window Up Above,,George Jones,,sad,sad
500,No Reply,,The Beatles,,gloomy,sad
501,Don't Bother Me,,The Beatles,,gloomy,sad
502,Eleanor Rigby,,The Beatles,,gloomy,sad
503,Mein Teil,,Rammstein,,gloomy,sad
504,Links 2 3 4,,Rammstein,,gloomy,sad
505,Reno,,Bruce Springsteen,Spotify,gloomy,sad
506,Without You I'm Nothing,,David Bowie / Placebo,,gloomy,sad
507,While the Music Plays On,,Tony Bennett,Spotify,gloomy,sad
508,Did My Time,,Korn,Spotify,gloomy,sad
509,Lonely Boy,,Paul Anka,,gloomy,sad
510,Crazy Love,,Paul Anka,,gloomy,sad
511,Open Pit Mine,,George Jones,,gloomy,sad
512,Hard Times (No One Knows Better Than I),,Ray Charles,,gloomy,sad
513,Knockin' on Heaven's Door,,Bob Dylan,,gloomy,sad
514,All Along the Watchtower,,Bob Dylan,,gloomy,sad
515,A Hard Rain's A-Gonna Fall,,Bob Dylan,,gloomy,sad
516,Paint It Black,,The Rolling Stones,,gloomy,sad
517,Long Black Veil,,Johnny Cash,,gloomy,sad
518,'Til I Can Make It on My Own,,Tammy Wynette,,gloomy,sad
519,I Don't Wanna Play House,,Tammy Wynette,,gloomy,sad
520,D-I-V-O-R-C-E,,Tammy Wynette,,gloomy,sad
521,Hurt,,Johnny Cash,,gloomy,sad
522,Look Back in Anger,,David Bowie,,gloomy,sad
523,Accidentally on Purpose,,George Jones,,gloomy,sad
524,Gimme Shelter,,The Rolling Stones,,gloomy,sad
525,The River,,Bruce Springsteen / Bruce Springsteen & the E Street Band,,gloomy,sad
526,Pressure,,Billy Joel,,gloomy,sad
527,"Tonight, Tonight",,The Smashing Pumpkins,,gloomy,sad
528,Make Me Bad,,Korn,Spotify,gloomy,sad
529,Neither One of Us (Wants to Be the First to Say Goodbye),,Gladys Knight & the Pips,,gloomy,sad
530,Inner City Blues (Make Me Wanna Holler),,Marvin Gaye,Spotify,gloomy,sad
531,What's Happening Brother,,Marvin Gaye,Spotify,gloomy,sad
532,What's Going On,,Marvin Gaye,Spotify,gloomy,sad
533,I Never Loved a Man (The Way I Love You),,Aretha Franklin,,gloomy,sad
534,Drown in My Own Tears,,Aretha Franklin,Spotify,gloomy,sad
535,Play with Fire,,The Rolling Stones,,gloomy,sad
536,Outshined,,Soundgarden,Spotify,gloomy,sad
537,Never Had a Dream Come True,,Stevie Wonder,Spotify,gloomy,sad
538,Immigrant Song,,Led Zeppelin,,gloomy,sad
539,Rooster,,Alice in Chains,Spotify,gloomy,sad
540,Angel Eyes,,Frank Sinatra,,gloomy,sad
541,"It's Alright, Ma (I'm Only Bleeding)",,Bob Dylan,,gloomy,sad
542,Not Dark Yet,,Bob Dylan,Spotify,gloomy,sad
543,Love Sick,,Bob Dylan,Spotify,gloomy,sad
544,House of the Rising Sun,,Bob Dylan,,gloomy,sad
545,Blue Christmas,,Elvis Presley,Spotify,gloomy,sad
546,Warszawa,,David Bowie,Spotify,gloomy,sad
547,Mystery Train/Tiger Man,,Elvis Presley,,gloomy,sad
548,Masters of War,,Bob Dylan,,gloomy,sad
549,North Country Blues,,Bob Dylan,Spotify,gloomy,sad
550,The Kids,,Lou Reed,Spotify,somber,sad
551,No Reply,,The Beatles,,somber,sad
552,Pale Horses,,Moby,,somber,sad
553,Wrong,,Depeche Mode,Spotify,somber,sad
554,Live to Tell,,Madonna,Spotify,somber,sad
555,Little 15,,Depeche Mode,Spotify,somber,sad
556,Dream About Me,,Moby,Spotify,somber,sad
557,"""Heroes""",,David Bowie,,somber,sad
558,While the Music Plays On,,Tony Bennett,Spotify,somber,sad
559,The Wreck of the Old 97,,Johnny Cash,,somber,sad
560,It Never Entered My Mind,,Frank Sinatra,Spotify,somber,sad
561,Open Pit Mine,,George Jones,,somber,sad
562,Family Bible,,George Jones,Spotify,somber,sad
563,A Hard Rain's A-Gonna Fall,,Bob Dylan,,somber,sad
564,Five Feet High and Rising,,Johnny Cash,,somber,sad
565,Don't Take Your Guns to Town,,Johnny Cash,Spotify,somber,sad
566,Wreck of the Old '97,,Johnny Cash,,somber,sad
567,Hurt,,Johnny Cash,,somber,sad
568,Old Apache Squaw,,Johnny Cash,Spotify,somber,sad
569,Great Speckled Bird,,Johnny Cash,Spotify,somber,sad
570,Accidentally on Purpose,,George Jones,,somber,sad
571,Hey Joe,,Jimi Hendrix / The Jimi Hendrix Experience,Spotify,somber,sad
572,The River,,Bruce Springsteen / Bruce Springsteen & the E Street Band,,somber,sad
573,No Excuses,,Alice in Chains,Spotify,somber,sad
574,Peace in the Valley,,Johnny Cash,,somber,sad
575,Lotus Blossom,,Duke Ellington,Spotify,somber,sad
576,Neither One of Us (Wants to Be the First to Say Goodbye),,Gladys Knight & the Pips,,somber,sad
577,Both Sides of the Story,,Phil Collins,Spotify,somber,sad
578,Nothingman,,Pearl Jam,Spotify,somber,sad
579,One for My Baby (And One More for the Road),,Frank Sinatra / Frank Sinatra Sextet,,somber,sad
580,Never Had a Dream Come True,,Stevie Wonder,Spotify,somber,sad
581,My Hometown,,Bruce Springsteen,Spotify,somber,sad
582,I'm on Fire,,Bruce Springsteen,Spotify,somber,sad
583,Garden,,Pearl Jam,Spotify,somber,sad
584,I Believe I Can Fly,,R. Kelly,,somber,sad
585,Pastime Paradise,,Stevie Wonder,,somber,sad
586,Another Day in Paradise,,Phil Collins,,somber,sad
587,Rooster,,Alice in Chains,Spotify,somber,sad
588,"Oh, Sister",,Bob Dylan,Spotify,somber,sad
589,What Is This Thing Called Love?,,Frank Sinatra,Spotify,somber,sad
590,When Your Lover Has Gone,,Frank Sinatra,Spotify,somber,sad
591,September Song,,Frank Sinatra,Spotify,somber,sad
592,Gasoline Alley,,Rod Stewart,Spotify,somber,sad
593,Don't Stop the Music,,George Jones,,somber,sad
594,Not Dark Yet,,Bob Dylan,Spotify,somber,sad
595,Blasphemous Rumours,,Depeche Mode,,somber,sad
596,A Question of Lust,,Depeche Mode,Spotify,somber,sad
597,The Last Thing on My Mind,,Neil Diamond,Spotify,somber,sad
598,Warszawa,,David Bowie,Spotify,somber,sad
599,Pancho and Lefty,,Merle Haggard / Willie Nelson,Spotify,somber,sad
600,Little Red Corvette ,Prince,Prince,Spotify,sexual,love
601,Let's Get It On ,Marvin Gaye / Ed Townsend / Edward Townsend,Marvin Gaye,Spotify,sexual,love
602,Do Me! ,Ricky Bell / Michael Bivins / Carl Bourelly / Ronnie DeVoe,Bell Biv DeVoe,,sexual,love
603,Love to Love You Baby ,Pete Bellotte / Giorgio Moroder / Donna Summer,Donna Summer,Spotify,sexual,love
604,Get Up (I Feel Like Being A) Sex Machine ,James Brown / Bobby Byrd / Ron Lenhoff,James Brown,,sexual,love
605,Let's Talk About Sex ,Fingerprints,Salt-N-Pepa,,sexual,love
606,Justify My Love ,Ingrid Chavez / Lenny Kravitz / Madonna,Madonna,,sexual,love
607,"More, More, More ",Greg Diamond,Andrea True,,sexual,love
608,Pony ,Stephen Garrett / Elgin Lumpkin / Timothy Mosley,Ginuwine,Spotify,sexual,love
609,Je T'Aime...Moi Non Plus ,Serge Gainsbourg,Jane Birkin / Serge Gainsbourg,Spotify,sexual,love
610,Jungle Fever ,Bill Ador,Chakachas,,sexual,love
611,Me So Horny ,The 2 Live Crew / Luke Skywalker,The 2 Live Crew,,sexual,love
612,Humpin' Around ,Babyface / Bobby Brown / Kenneth Edmonds / L.A. Reid / Daryl Simmons / Stylz,Bobby Brown,,sexual,love
613,Sexual Healing ,Odell Brown / Marvin Gaye / David Ritz,Marvin Gaye,Spotify,sexual,love
614,Sex Shooter ,Jamie Starr,Apollonia 6,,sexual,love
615,Brown Sugar ,D'Angelo / Ali Shaheed Muhammad,D'Angelo,Spotify,sexual,love
616,Fuck and Run ,Liz Phair,Liz Phair,Spotify,sexual,love
617,O.P.P. ,"Vincent Brown / Anthony Criss / Keir Gist / Berry Gordy, Jr.",Naughty by Nature,,sexual,love
618,Let's Spend the Night Together ,Mick Jagger / Keith Richards,The Rolling Stones,Spotify,sexual,love
619,I Feel Love ,Pete Bellotte / Giorgio Moroder / Donna Summer,Donna Summer,Spotify,sexual,love
620,Love Rollercoaster ,"Billy Beck / Leroy ""Sugarfoot"" Bonner / Marshall ""Rock"" Jones / Ralph ""Pee Wee"" Middlebrooks / Marvin Pierce / Clarence ""Satch"" Satchell / James ""Diamond"" Williams",Ohio Players,,sexual,love
621,Car Song ,Elastica / Justine Frischmann,Elastica,Spotify,sexual,love
622,Bang a Gong (Get It On) ,Marc Bolan,T. Rex,,sexual,love
623,Wild Thing ,Matt Dike / Michael Ross / Anthony Smith / Anthony Smith / Young MC / Marvin Young,Tone-Loc,Spotify,sexual,love
624,You Shook Me All Night Long ,Brian Johnson / Angus Young / Malcolm Young,AC/DC,Spotify,sexual,love
625,Hokey Pokey ,Richard Thompson,Richard & Linda Thompson,Spotify,sexual,love
626,Tonight Ricky ,Rachel Sweet,Rachel Sweet,Spotify,sexual,love
627,I Need Love ,"Robert Ervin / David Pierce / Dwayne ""Muffla"" Simon / James Todd Smith",LL Cool J,Spotify,sexual,love
628,"I'm Gonna Love You Just a Little More, Baby ",Barry White,Barry White,Spotify,sexual,love
629,Hurts So Good P,hillip Mitchell,Millie Jackson,,sexual,love
630,Slide ,Mark Antone Adams / Carter Bradley / Tim Dozier / Mark Hicks / Tom Lockett / Floyd Miller / Steve Washington / Danny Webster / Orion Wilhoite,Steve Arrington / Slave,,sexual,love
631,Who's Making Love? ,"Homer Banks / Bettye Crutcher / Don Davis / Al Jackson, Jr. / Raymond Jackson",Johnnie Taylor,Spotify,sexual,love
632,Give It to Me Baby ,Rick James,Rick James,,sexual,love
633,Cherry Bomb ,Kim Fowley / Joan Jett,The Runaways,Spotify,sexual,love
634,Fopp ,"William Beck / Leroy ""Sugarfoot"" Bonner / Marshall ""Rock"" Jones / Ralph Middlebrooks / Ralph ""Pee Wee"" Middlebrooks / Marvin Pierce / Clarence ""Satch"" Satchell / James Williams / James ""Diamond"" Williams",Ohio Players,,sexual,love
635,Fire ,"Billy Beck / Leroy ""Sugarfoot"" Bonner / Marshall ""Rock"" Jones / Ralph ""Pee Wee"" Middlebrooks / Ohio Players / Clarence ""Satch"" Satchell / James ""Diamond"" Williams",Ohio Players,,sexual,love
636,Metal Mickey ,Brett Anderson / Bernard Butler,Suede,,sexual,love
637,Slip Away ,William Armstrong / Marcus Daniel / Wilbur Terrell,Clarence Carter,,sexual,love
638,Call Me ,Debbie Harry / Giorgio Moroder,Blondie,Spotify,sexual,love
639,Sex (I'm A...) ,John Crawford / David Diamond / Terri Nunn,Berlin,,sexual,love
640,Funky Cold Medina ,Matt Dike / Michael Ross / Young MC / Marvin Young,Tone-Loc,Spotify,sexual,love
641,Push It ,"Hurby ""Luv Bug"" Azor",Salt-N-Pepa,,sexual,love
642,Brown Sugar ,Mick Jagger / Keith Richards,The Rolling Stones,Spotify,sexual,love
643,Girls Got Rhythm ,Bon Scott / Angus Young / Malcolm Young,AC/DC,Spotify,sexual,love
644,Let's Get It On,,Marvin Gaye,Spotify,sexual,love
645,Into the Groove,,Madonna,,sexual,love
646,Undercover of the Night,,The Rolling Stones,Spotify,sexual,love
647,Stayin' Alive,,Bee Gees,Spotify,sexual,love
648,Paparazzi [Stuart Price Remix],,Lady Gaga,,sexual,love
649,Hotel Room Service,,Pitbull,Spotify,sexual,love
650,I Wanna Be Loved by You ,Bert Kalmar / Harry Ruby / Herbert Stothart,Marilyn Monroe,,sensual,love
651,Bonnie and Clyde ,Serge Gainsbourg,Brigitte Bardot / Serge Gainsbourg,,sensual,love
652,Brown Sugar ,D'Angelo / Ali Shaheed Muhammad,D'Angelo,Spotify,sensual,love
653,All Blues ,Miles Davis,Miles Davis,Spotify,sensual,love
654,Let's Get It On ,Marvin Gaye / Ed Townsend / Edward Townsend,Marvin Gaye,Spotify,sensual,love
655,Need You Tonight,Andrew Farriss / Michael Hutchence,INXS,Spotify,sensual,love
656,Fever ,Eddie Cooley / John Davenport,Peggy Lee,Spotify,sensual,love
657,Father Figure ,George Michael,George Michael,Spotify,sensual,love
658,Little Red Corvette ,Prince,Prince,Spotify,sensual,love
659,Let's Get Lost ,Frank Loesser / Jimmy McHugh,Chet Baker,,sensual,love
660,Laura Palmer's Theme (Instrumental) ,Angelo Badalamenti,Angelo Badalamenti,,sensual,love
661,Peel Me a Grape ,Dave Frishberg,Diana Krall,Spotify,sensual,love
662,Are You Lonesome Tonight? ,Lou Handman / Roy Turk,Elvis Presley,Spotify,sensual,love
663,Take My Breath Away ,Giorgio Moroder / Tom Whitlock,Berlin,,sensual,love
664,Whip Appeal ,Babyface / Perri Reid,Babyface,Spotify,sensual,love
665,Blue and Sentimental ,Count Basie / Mack David / Jerry Livingston,Ike Quebec,Spotify,sensual,love
666,Waterfalls ,"Marqueze Etheridge / Lisa ""Left Eye"" Lopes / Organized Noize",TLC,Spotify,sensual,love
667,I'm So Proud ,Curtis Mayfield,The Impressions,,sensual,love
668,Cruising for Bruising ,Basia Trzetrzelewska / Danny White,Basia,Spotify,sensual,love
669,Shake You Down ,Gregory Abbott,Gregory Abbott,Spotify,sensual,love
670,Summer Wind ,Hans Bradtke / Henry Mayer / Johnny Mercer,Frank Sinatra,,sensual,love
671,Never Ever ,"Robert Jazayeri / Shaznay Lewis / Sean ""Mystro"" Mather",All Saints,Spotify,sensual,love
672,Crazy ,Willie Nelson,Patsy Cline,,sensual,love
673,I'll Be Around ,Thom Bell / Phil Hurtt,The Spinners,,sensual,love
674,I Second That Emotion ,Al Cleveland / Smokey Robinson,Smokey Robinson & the Miracles,,sensual,love
675,Take a Bow ,Babyface / Madonna,Madonna,Spotify,sensual,love
676,Didn't I (Blow Your Mind This Time) ,"Thom Bell / William ""Poogie"" Hart",The Delfonics,Spotify,sensual,love
677,Shining Star ,Philip Bailey / Larry Dunn / Maurice White,"Earth, Wind & Fire",,sensual,love
678,Here I Am (Come and Take Me) ,"Al Green / Mabon ""Teenie"" Hodges",Al Green,Spotify,sensual,love
679,Back to Life ,Nellee Hooper / Simon Law / Beresford Romeo / Caron Wheeler,Soul II Soul,,sensual,love
680,Sign Your Name Terence ,Trent D'Arby,Terence Trent D'Arby,Spotify,sensual,love
681,Un-Break My Heart ,Diane Warren,Toni Braxton,Spotify,sensual,love
682,Sweet Love ,Anita Baker / Gary Bias / Louis Johnson,Anita Baker,Spotify,sensual,love
683,Isobel ,Björk / Marius de Vries / Nellee Hooper,BjÃ¶rk,,sensual,love
684,Le Freak ,Bernard Edwards / Nile Rodgers,Chic,Spotify,sensual,love
685,Volver ,Carlos Gardel / Alfredo Le Pera,Carlos Gardel,Spotify,sensual,love
686,Family Affair ,Mary J. Blige / Mike Elizondo / Camara Kambon / Bruce Miller / Andre Young,Mary J. Blige,Spotify,sensual,love
687,What Is This Thing Called Love? ,Cole Porter,Clifford Brown / Max Roach,,sensual,love
688,That's the Way Love Goes ,James Harris III / Janet Jackson / Terry Lewis,Janet Jackson,Spotify,sensual,love
689,Is It Still Good to Ya? ,Nickolas Ashford / Valerie Simpson,Ashford & Simpson,Spotify,sensual,love
690,It's a Shame ,Lee Garrett / Stevie Wonder / Syreeta Wright,The Spinners,,sensual,love
691,Je T'Aime...Moi Non Plus ,Serge Gainsbourg,Jane Birkin / Serge Gainsbourg,Spotify,sensual,love
692,I Almost Lost My Mind ,Ivory Joe Hunter,Ivory Joe Hunter,Spotify,sensual,love
693,He's Funny That Way ,Neil Moret (Chas. N. Daniels) / Richard A. Whiting,Billie Holiday,,sensual,love
694,In the Rain ,"Clint Ballard, Jr. / Tony Hester",The Dramatics,Spotify,sensual,love
695,From a Whisper to a Scream ,Allen Toussaint,Allen Toussaint,,sensual,love
696,He Will Break Your Heart ,Jerry Butler / Calvin Carter / Curtis Mayfield,Jerry Butler,,sensual,love
697,Here and Now ,David Elliot / David L. Elliott / Terry Steele,Luther Vandross,,sensual,love
698,Across 110th Street ,J.J. Johnson / Bobby Womack,Bobby Womack,,sensual,love
699,At Your Best (You Are Love) ,Ernie Isley / Marvin Isley / O'Kelly Isley / Ronald Isley / Chris Jasper,Aaliyah,Spotify,sensual,love
700,Tupelo Honey ,Van Morrison,Van Morrison,,romantic,love
701,The Way You Look Tonight ,Dorothy Fields / Jerome Kern,Frank Sinatra,,romantic,love
702,Oh Girl ,Eugene Record,The Chi-Lites,,romantic,love
703,Don't Worry Baby ,Roger Christian / Brian Wilson,The Beach Boys,,romantic,love
704,You Are the Sunshine of My Life ,Stevie Wonder,Stevie Wonder,Spotify,romantic,love
705,Cherish ,Terry Kirkman,The Association,,romantic,love
706,Three Times a Lady ,Lionel Richie,Commodores,,romantic,love
707,The First Time Ever I Saw Your Face ,Ewan MacColl,Roberta Flack,Spotify,romantic,love
708,Behind Closed Doors ,Kenny O'Dell,Charlie Rich,Spotify,romantic,love
709,Shake You Down ,Gregory Abbott,Gregory Abbott,Spotify,romantic,love
710,Cruisin' ,Smokey Robinson / Marvin Tarplin,Smokey Robinson,,romantic,love
711,Here and Now ,David Elliot / David L. Elliott / Terry Steele,Luther Vandross,,romantic,love
712,I'm Still in Love With You ,"Al Green / Al Jackson, Jr. / Willie Mitchell",Al Green,Spotify,romantic,love
713,Smooth Operator ,Helen Adu / Raymond St. John,Sade,,romantic,love
714,Let It Be Me ,Gilbert Bécaud / Manny Curtis / Pierre Delanoë,The Everly Brothers,,romantic,love
715,Ain't Nothing Like the Real Thing ,Nickolas Ashford / Valerie Simpson,Marvin Gaye / Tammi Terrell,,romantic,love
716,For Your Precious Love ,Arthur Brooks / Jerry Butler,Jerry Butler & the Impressions,,romantic,love
717,Pilots (On a Star) ,Alison Goldfrapp / Will Gregory,Goldfrapp,,romantic,love
718,Avalon ,Bryan Ferry,Roxy Music,Spotify,romantic,love
719,You Make Me Feel So Young ,Mack Gordon / Josef Myrow,Frank Sinatra,Spotify,romantic,love
720,By Your Side ,Sade Adu / Paul S. Denman / Andrew Hale / Stuart Matthewman,Sade,Spotify,romantic,love
721,I Just Called to Say I Love You ,Stevie Wonder,Stevie Wonder,,romantic,love
722,L-O-V-E (Love) ,"Al Green / Mabon ""Teenie"" Hodges / Willie Mitchell",Al Green,,romantic,love
723,Always ,David Lewis / Jonathan Lewis / Wayne Lewis,Atlantic Starr,,romantic,love
724,Show and Tell ,Jerry Fuller,Al Wilson,,romantic,love
725,Your Love Is King ,Sade Adu / Stuart Matthewman,Sade,Spotify,romantic,love
726,Ooo Baby Baby ,"Warren ""Pete"" Moore / Smokey Robinson",Linda Ronstadt,Spotify,romantic,love
727,(You're My) Soul and Inspiration ,Barry Mann / Cynthia Weil,The Righteous Brothers,,romantic,love
728,This Guy's in Love With You ,Burt Bacharach / Hal David,Herb Alpert,,romantic,love
729,Wishin' and Hopin' ,Burt Bacharach / Hal David,Dusty Springfield,,romantic,love
730,Darn That Dream,,Miles Davis,Spotify,romantic,love
731,Moon Dreams,,Miles Davis,Spotify,romantic,love
732,Falling in Love with Love,,Frank Sinatra,,romantic,love
733,Nothin' on You,,B.o.B,Spotify,romantic,love
734,Somebody to Love,,Justin Bieber,Spotify,romantic,love
735,Help Me Make It Through the Night,,Willie Nelson,Spotify,romantic,love
736,The Things We Did Last Summer,,Frank Sinatra,,romantic,love
737,Yo (Excuse Me Miss),,Chris Brown,Spotify,romantic,love
738,Stella by Starlight,,Frank Sinatra,,romantic,love
739,"I Want You, I Need You, I Love You",,Elvis Presley,,romantic,love
740,All of Me,,Willie Nelson,Spotify,romantic,love
741,Blue Skies,,Willie Nelson,Spotify,romantic,love
742,It Never Entered My Mind,,Frank Sinatra,Spotify,romantic,love
743,Saeta,,Miles Davis,,romantic,love
744,The Pan Piper,,Miles Davis,Spotify,romantic,love
745,Lay Lady Lay,,Bob Dylan,Spotify,romantic,love
746,I Thought About You,,Miles Davis,,romantic,love
747,I Only Have Eyes for You,,Frank Sinatra,,romantic,love
748,She Belongs to Me,,Bob Dylan,,romantic,love
749,She,,Elvis Costello,,romantic,love
750,Straight Outta Compton ,O'Shea Jackson / Lorenzo Patterson / Eric Wright / Andre Young,N.W.A,Spotify,angry,anger
751,Bombtrack ,Zack de la Rocha / Rage Against the Machine,Rage Against the Machine,Spotify,angry,anger
752,London Calling ,Mick Jones / Joe Strummer,The Clash,Spotify,angry,anger
753,Fight the Power ,Carlton Ridenhour / Eric Sadler / Hank Shocklee / Keith Shocklee,Public Enemy,Spotify,angry,anger
754,Violet ,Eric Erlandson / Hole / Courtney Love / Kristen Pfaff / Patty Schemel,Hole,Spotify,angry,anger
755,Rid of Me ,PJ Harvey,PJ Harvey,Spotify,angry,anger
756,Head Like a Hole ,Trent Reznor,Nine Inch Nails,Spotify,angry,anger
757,Territorial Pissings,Kurt Cobain,Nirvana,Spotify,angry,anger
758,God Save the Queen n,Paul Cook / Steve Jones / Glen Matlock / Johnny Rotte,Sex Pistols,,angry,anger
759,Welcome to the Jungle ,Guns N' Roses,Guns N' Roses,Spotify,angry,anger
760,Stigmata ,Ministry,Ministry,,angry,anger
761,Rise Above ,Greg Ginn,Black Flag,Spotify,angry,anger
762,Kill the Poor ,Jello Biafra / Dead Kennedys / East Bay Ray,Dead Kennedys,Spotify,angry,anger
763,Battery ,James Hetfield / Lars Ulrich,Metallica,,angry,anger
764,You Must Learn ,KRS-One,Boogie Down Productions,,angry,anger
765,Jealous Again ,Greg Ginn,Black Flag,Spotify,angry,anger
766,Eve of Destruction ,P.F. Sloan,Barry McGuire,,angry,anger
767,I Don't Care About You ,Lee Ving,Fear,Spotify,angry,anger
768,"Radio, Radio ",Elvis Costello,Elvis Costello & the Attractions,,angry,anger
769,Triptych: Prayer/Protest/Peace ,Max Roach,Max Roach,Spotify,angry,anger
770,Bullet in the Head ,Zack de la Rocha / Rage Against the Machine,Rage Against the Machine,Spotify,angry,anger
771,Gangsta Gangsta ,Eazy-E / Ice Cube / MC Ren,N.W.A,Spotify,angry,anger
772,Seether ,Nina Gordon,Veruca Salt,Spotify,angry,anger
773,London's Burning ,Mick Jones / Joe Strummer,The Clash,,angry,anger
774,Something Against You ,Black Francis,Pixies,Spotify,angry,anger
775,The Way I Am ,Marshall Mathers,Eminem,Spotify,angry,anger
776,Paint It Black ,Mick Jagger / Keith Richards,The Rolling Stones,,angry,anger
777,"Moja, Pt. 1 ",Miles Davis,Miles Davis,,angry,anger
778,A' Bomb in Wardour Street ,Paul Weller,The Jam,Spotify,angry,anger
779,Sedan Delivery ,Neil Young,Neil Young & Crazy Horse,Spotify,angry,anger
780,New Day Rising ,Grant Hart / Hüsker Dü / Bob Mould / Greg Norton,HÃ¼sker DÃ¼,,angry,anger
781,T.V. Eye ,Dave Alexander / Ron Asheton / Scott Asheton / Iggy Pop / The Stooges,The Stooges,,angry,anger
782,White Riot ,Mick Jones / Joe Strummer,The Clash,,angry,anger
783,No Action ,Elvis Costello,Elvis Costello,Spotify,angry,anger
784,Bring the Noise ,Carlton Ridenhour / Eric Sadler / Hank Shocklee,Public Enemy,Spotify,angry,anger
785,Mercury Poisoning ,Graham Parker,Graham Parker,,angry,anger
786,Wolverine Blues ,Nicke Andersson / Uffe Cederlund / Alex Hellid,Entombed,Spotify,angry,anger
787,Don't Bring Me Down ,Gerry Goffin / Carole King,Eric Burdon & the Animals,,angry,anger
788,Freak on a Leash,Korn,Korn,Spotify,angry,anger
789,(I'm Not Your) Steppin' Stone ,Tommy Boyce / Bobby Hart,Minor Threat,,angry,anger
790,AmeriKKKa's Most Wanted ,Ice Cube / Eric Sadler / Keith Shocklee,Ice Cube,Spotify,angry,anger
791,Firestarter ,Kim Deal / Anne Dudley / Keith Flint / Trevor Horn / Liam Howlett / J.J. Jeczalik / Gary Langan / Paul Morley,The Prodigy,,angry,anger
792,Margin Walker ,Fugazi,Fugazi,Spotify,angry,anger
793,Black Steel in the Hour of Chaos ,William Drayton / Carlton Ridenhour / Eric Sadler / Hank Shocklee,Public Enemy,Spotify,angry,anger
794,Delete Yourself! You Got No Chance to Win! ,Alec Empire,Atari Teenage Riot,,angry,anger
795,"Damage, Inc.",,Metallica,,angry,anger
796,Sabotage,,Beastie Boys,Spotify,angry,anger
797,Sexy Sadie,,The Beatles,,angry,anger
798,Lifeline,,Papa Roach,Spotify,angry,anger
799,Once,,Pearl Jam,,angry,anger
800,Fuck tha Police ,O'Shea Jackson / Lorenzo Patterson / Harry Whitaker / Andre Young,N.W.A,,aggressive,anger
801,Breaking the Law ,K.K. Downing / Rob Halford / Glenn Tipton,Judas Priest,Spotify,aggressive,anger
802,Mama Said Knock You Out ,"George Clinton / William Collins / Gregory Jacobs / James McCants / Leroy McCants / Junie Morrison / James Todd Smith / Sylvester ""Sly Stone"" Stewart / Marlon Williams",LL Cool J,Spotify,aggressive,anger
803,Fight the Power ,Carlton Ridenhour / Eric Sadler / Hank Shocklee / Keith Shocklee,Public Enemy,Spotify,aggressive,anger
804,Wish ,Trent Reznor,Nine Inch Nails,Spotify,aggressive,anger
805,Ace of Spades ,"Fast Eddie Clarke / Lemmy Kilmister / Phil ""Philthy Animal"" Taylor",MotÃ¶rhead,,aggressive,anger
806,Kick Out the Jams ,"Michael Davis / Wayne Kramer / Fred ""Sonic"" Smith / Dennis Thompson / Rob Tyner",MC5,Spotify,aggressive,anger
807,Bawitdaba ,Kid Rock / Jason Krause / Mark Schafer,Kid Rock,,aggressive,anger
808,Get at Me Dog ,A. Fields / Earl Simmons,DMX,Spotify,aggressive,anger
809,Communication Breakdown ,John Bonham / John Paul Jones / Jimmy Page,Led Zeppelin,,aggressive,anger
810,Attitude ,Glenn Danzig,Misfits,,aggressive,anger
811,Pay to Cum ,Bad Brains / Dr. Know / G. W. Miller / Earl Hudson / Paul Hudson / Phil Hudson / Darryl Jenifer,Bad Brains,Spotify,aggressive,anger
812,Search and Destroy ,Iggy Pop / James Williamson,Iggy & the Stooges,,aggressive,anger
813,You Got It (Keep It Outta My Face) ,Mudhoney,Mudhoney,,aggressive,anger
814,Smack My Bitch Up ,Liam Howlett / Kool Keith / C. Miller / M. Smith,The Prodigy,,aggressive,anger
815,Bang Your Head (Metal Health) ,Frankie Banali / Carlos Cavazo / Tony Cavazo / Kevin DuBrow,Quiet Riot,,aggressive,anger
816,Steady Mobbin' ,Ice Cube,Ice Cube,Spotify,aggressive,anger
817,Summertime Blues ,Jerry Capehart / Eddie Cochran,Blue Cheer,Spotify,aggressive,anger
818,The Eton Rifles ,Paul Weller,The Jam,Spotify,aggressive,anger
819,Dive ,Chad Channing / Kurt Cobain / Krist Novoselic,Nirvana,Spotify,aggressive,anger
820,Break on Through (To the Other Side) ,John Densmore / The Doors / Robby Krieger / Ray Manzarek / Jim Morrison,The Doors,,aggressive,anger
821,Sucker M.C.'s (Krush-Groove 1) ,Darryl McDaniels / Joseph Simmons / Larry Smith / Lawrence Smith,Run-D.M.C.,Spotify,aggressive,anger
822,Bring the Noise ,Carlton Ridenhour / Eric Sadler / Hank Shocklee,Public Enemy,Spotify,aggressive,anger
823,Slam ,Kirk Jones / Fred Scruggs / T. Taylor,Onyx,Spotify,aggressive,anger
824,I Wanna Be Your Dog ,Dave Alexander / Ron Asheton / Scott Asheton / Iggy Pop,The Stooges,,aggressive,anger
825,Dirty Water ,Ed Cobb,The Standells,,aggressive,anger
826,King of Rock ,Darryl McDaniels / Orange Krush / Joseph Simmons / Larry Smith,Run-D.M.C.,Spotify,aggressive,anger
827,MBV Arkestra (If They Move Kill 'Em) ,Primal Scream,Primal Scream,Spotify,aggressive,anger
828,Psycho ,Leon Payne / Gerald Roslie / The Sonics,The Sonics,,aggressive,anger
829,My Generation ,Pete Townshend,The Who,,aggressive,anger
830,(I'm Not Your) Steppin' Stone ,Tommy Boyce / Bobby Hart,The Monkees,,aggressive,anger
831,Margin Walker ,Fugazi,Fugazi,Spotify,aggressive,anger
832,You Really Got Me ,Ray Davies,The Kinks,,aggressive,anger
833,Balls to the Wall ,Peter Baltes / Udo Dirkschneider / Wolf Hoffmann / Stefan Kaufmann,Accept,,aggressive,anger
834,Cowboys from Hell ,Pantera,Pantera,Spotify,aggressive,anger
835,"Radio, Radio ",Elvis Costello,Elvis Costello & the Attractions,,aggressive,anger
836,Shimmy Shimmy Ya ,Robert Diggs / R. Jones,Ol' Dirty Bastard,Spotify,aggressive,anger
837,Living After Midnight ,K.K. Downing / Rob Halford / Glenn Tipton,Judas Priest,Spotify,aggressive,anger
838,Rollin' (Air Raid Vehicle) ,Limp Bizkit,Limp Bizkit,Spotify,aggressive,anger
839,Blues from a Gun ,Jim Reid / William Reid,The Jesus and Mary Chain,,aggressive,anger
840,Machine Gun Etiquette ,Captain Sensible / Rat Scabies / Dave Vanian / Algy Ward,The Damned,Spotify,aggressive,anger
841,Tattooed Love Boys ,Chrissie Hynde,Pretenders,,aggressive,anger
842,Personality Crisis ,David Johansen / Johnny Thunders,New York Dolls,Spotify,aggressive,anger
843,Highway Star ,Ritchie Blackmore / Ian Gillan / Roger Glover / Jon Lord / Ian Paice,Deep Purple,Spotify,aggressive,anger
844,Run to the Hills ,Steve Harris,Iron Maiden,Spotify,aggressive,anger
845,Fire ,Jimi Hendrix,The Jimi Hendrix Experience,Spotify,aggressive,anger
846,Unsung ,Page Hamilton,Helmet,Spotify,aggressive,anger
847,This Is a Call ,Dave Grohl,Foo Fighters,Spotify,aggressive,anger
848,Rockstar,,Nickelback,,aggressive,anger
849,Live and Let Die,,Paul McCartney / Paul McCartney & Wings / Wings,,aggressive,anger
850,Scary Monsters (And Super Creeps),,David Bowie,Spotify,rebellious,anger
851,Fashion,,David Bowie,Spotify,rebellious,anger
852,Stone Free,,Jimi Hendrix,,rebellious,anger
853,Tailgunner,,Iron Maiden,,rebellious,anger
854,Tombstone Blues,,Bob Dylan,,rebellious,anger
855,Highway 61 Revisited,,Bob Dylan,,rebellious,anger
856,Little Sister,,Elvis Presley,,rebellious,anger
857,"Baby, Let's Play House",,Elvis Presley,,rebellious,anger
858,Movin' Out (Anthony's Song),,Billy Joel,,rebellious,anger
859,"Lawdy, Miss Clawdy",,Elvis Presley,,rebellious,anger
860,White Lightning,,George Jones,,rebellious,anger
861,I Got Stripes,,Johnny Cash,,rebellious,anger
862,She's Got Balls,,AC/DC,,rebellious,anger
863,Ohio,,Neil Young,,rebellious,anger
864,Beer for My Horses,,Toby Keith / Willie Nelson,Spotify,rebellious,anger
865,Maggie's Farm,,Bob Dylan,,rebellious,anger
866,The Clairvoyant,,Iron Maiden,Spotify,rebellious,anger
867,Can I Play with Madness,,Iron Maiden,Spotify,rebellious,anger
868,Heaven Can Wait,,Iron Maiden,Spotify,rebellious,anger
869,Running Free,,Iron Maiden,Spotify,rebellious,anger
870,Sanctuary,,Iron Maiden,Spotify,rebellious,anger
871,Crosstown Traffic,,Jimi Hendrix,Spotify,rebellious,anger
872,Stone Free,,Jimi Hendrix / The Jimi Hendrix Experience,Spotify,rebellious,anger
873,Moneytalks,,AC/DC,,rebellious,anger
874,Jailbreak,,AC/DC,,rebellious,anger
875,Sin City,,AC/DC,,rebellious,anger
876,Warning,,Green Day,Spotify,rebellious,anger
877,The Wicker Man,,Iron Maiden,Spotify,rebellious,anger
878,Lawdy Miss Clawdy,,Elvis Presley,,rebellious,anger
879,Ready Teddy,,Elvis Presley,,rebellious,anger
880,Voodoo Child (Slight Return),,Jimi Hendrix / The Jimi Hendrix Experience,Spotify,rebellious,anger
881,Crosstown Traffic,,Jimi Hendrix / The Jimi Hendrix Experience,Spotify,rebellious,anger
882,The Conjuring,,Megadeth,Spotify,rebellious,anger
883,Wake Up Dead,,Megadeth,Spotify,rebellious,anger
884,If You Want Blood (You've Got It),,AC/DC,Spotify,rebellious,anger
885,Girls Got Rhythm,,AC/DC,Spotify,rebellious,anger
886,I Don't Live Today,,Jimi Hendrix / The Jimi Hendrix Experience,Spotify,rebellious,anger
887,Highway Chile,,Jimi Hendrix / The Jimi Hendrix Experience,Spotify,rebellious,anger
888,Pump It Up,,Elvis Costello,,rebellious,anger
889,Ballbreaker,,AC/DC,,rebellious,anger
890,Hard as a Rock,,AC/DC,,rebellious,anger
891,Sink the Pink,,AC/DC,,rebellious,anger
892,Shake Your Foundations,,AC/DC,,rebellious,anger
893,Who Made Who,,AC/DC,,rebellious,anger
894,Directions,,Miles Davis,Spotify,rebellious,anger
895,Good Hearted Woman,,Waylon Jennings / Willie Nelson,Spotify,rebellious,anger
896,Heartbreak Hotel,,Elvis Presley,,rebellious,anger
897,That's All Right,,Elvis Presley,,rebellious,anger
898,Elected,,Alice Cooper,Spotify,rebellious,anger
899,Baby Let's Play House,,Elvis Presley,Spotify,rebellious,anger
